economy,date,country,gdp_pc_ppp,gdp_ppp,ir_spread,cred_priv_sec,bureaucracy_qual,corruption,investment_profile,law_order,exchange_rate,sd_interbank
BR,1997,Brunei,63095.77641512182,19683.232218908568,,,3.2916666666666665,4.0,9.75,6.0,0.0200753661139101,
BR,1998,Brunei,62020.9094056489,19793.601111356413,,,3.0,3.5833333333333335,7.583333333333333,6.0,0.0399235203837124,
BR,1999,Brunei,63432.25556091129,20692.23608652487,,60.17655508528922,3.0,3.0,7.25,6.0,0.0141559399925215,
BR,2000,Brunei,65305.76557362962,21757.59538733831,,50.29314599166905,3.0,3.0,8.0,6.0,0.009065060608679,
BR,2001,Brunei,67184.35449827502,22844.96479746645,,53.63314179280421,3.0,2.6666666666666665,10.625,6.0,0.0193928211902642,
BR,2002,Brunei,69510.20853197297,24104.88913513465,,53.67576275521787,3.0,2.5,11.5,6.0,0.0100500562268201,
BR,2003,Brunei,71514.39372183959,25265.53470116987,4.43525,50.83898452385976,3.0,2.5,11.5,6.0,0.0128856051171187,
BR,2004,Brunei,72549.22495878571,26076.58557461123,4.45608333333333,46.43585374265163,3.0,2.5,11.5,6.0,0.0104738153197823,
BR,2005,Brunei,73930.47770316251,26993.05243611248,4.494,40.29210530699414,3.0,2.5,11.5,4.5,0.0104954162652547,
BR,2006,Brunei,78411.61459876876,29032.919656183924,4.4585,34.94993455431312,3.2083333333333335,2.5,11.5,5.0,0.0092337784739176,
BR,2007,Brunei,79631.19236385806,29858.910044714037,4.32724333333333,37.50752861673484,3.5,2.5,11.5,5.0,0.011202295810807,
BR,2008,Brunei,78670.55794596461,29849.26176641584,4.624238541666667,35.15214396746724,3.5,2.5,11.5,5.0,0.0234963463495824,
BR,2009,Brunei,76961.81219678276,29546.101473218077,4.800078708333333,44.51195183584967,3.5,2.5,11.5,5.0,0.0148294255345752,
BR,2010,Brunei,78907.87121561277,30667.22851646304,5.02945925,36.9078423506153,3.5,2.5,11.5,5.0,0.018496431411409,
BR,2011,Brunei,82502.93529734877,32480.41559134264,5.104296666666667,28.12043613419302,3.5,2.5,11.5,5.0,0.0330844813152695,
BR,2012,Brunei,83725.4210254706,33405.52200953149,5.268459259259259,27.99132642989035,3.5,2.5,11.5,5.0,0.0175268019548628,
BR,2013,Brunei,82263.498305978,33269.08624840193,5.215653333333333,31.19211642370379,3.5,2.5,11.25,5.0,0.0115200480133739,
BR,2014,Brunei,80782.03149739816,33101.97226465735,5.2,33.20796806631649,3.5,2.5,10.916666666666666,5.0,0.0099352239103971,
BR,2015,Brunei,80177.75611831518,33266.3122577818,5.164167333333333,41.43628506432366,3.5,2.5,9.5,5.0,0.01887187283995,
BR,2016,Brunei,78134.66652062633,32800.93300535893,5.166657219047619,44.30138546494761,3.5,2.5,9.5,5.0,0.0208835505507461,
BR,2017,Brunei,79789.48785926703,33868.48328008665,5.1845,39.46180951850104,3.5,2.8333333333333335,9.166666666666666,5.0,0.0052338548850114,
BR,2018,Brunei,80920.04868410049,34711.625923629115,5.187833333333333,35.0398187648646,3.5,3.0,9.5,5.0,0.0102698441054694,
BR,2019,Brunei,,,,,3.5,3.0,9.5,4.333333333333333,0.0113625913525084,
CN,1997,China,2281.443841225233,2806347.032995128,2.970000000000001,96.72581943792494,2.0,2.0,7.583333333333333,5.0,0.0001946905568489,
CN,1998,China,2464.186352250231,3060359.27738189,2.61,105.1932232831795,2.0,2.0,6.166666666666667,5.0,0.0001031774635483,
CN,1999,China,2668.230229250617,3342585.396240272,3.6,110.3835245844428,2.0,2.0,6.25,5.0,0.0001033993829121,
CN,2000,China,2936.287744814801,3707489.039551685,3.6,111.122970938856,2.0,1.0833333333333333,8.416666666666666,4.75,0.0001654536550947,
CN,2001,China,3227.419438023258,4104793.412249881,3.6,110.0445907059279,2.0,1.0,8.333333333333334,4.0,3.85150781383298e-05,
CN,2002,China,3553.92379293948,4550444.02447971,3.33,117.4986985600001,2.0,1.0,7.5,4.5,5.59142703204509e-05,
CN,2003,China,3958.471976770386,5100095.294870966,3.33,125.6714326077155,2.0,1.9166666666666667,7.5,4.5,5.22324586045781e-05,
CN,2004,China,4449.561919471867,5766965.964779499,3.33,118.636103006947,2.0,2.0,7.416666666666667,4.5,2.23375464101859e-05,
CN,2005,China,5081.049040619537,6624265.255236503,3.33,111.8429248266316,2.0,2.0,7.208333333333333,4.5,0.0061772005856302,
CN,2006,China,5867.79687712994,7692799.061854894,3.6,109.1583871971801,2.0,1.875,7.291666666666667,4.5,0.0019181500900426,
CN,2007,China,6847.06962339115,9023650.350622846,3.33,105.787517822611,2.0,2.125,7.083333333333333,4.5,0.0035190183143426,
CN,2008,China,7615.0295331201,10087286.946195211,3.06,102.0035703031469,2.0,2.5,7.0,4.5,0.0054115294686323,
CN,2009,China,8352.689933410087,11119602.00075151,3.06,124.4080245203796,2.0,2.5,7.0,4.5,0.0006176033752043,
CN,2010,China,9303.73369967246,12445651.08872035,3.06,126.5794806334852,2.0,2.0,6.5,4.083333333333333,0.0055881579579171,
CN,2011,China,10355.49571263543,13919132.45222466,3.06,123.0959222736663,2.0,2.0,6.583333333333333,3.625,0.003695550459971,
CN,2012,China,11328.28171474994,15301053.47070417,3.0,128.9226278981711,2.0,2.0,7.083333333333333,3.5,0.0037510573094389,
CN,2013,China,12361.3979713938,16779114.37841051,3.0,134.3192580945131,2.0,2.0,7.5,3.5,0.0029351178593941,
CN,2014,China,13446.40239416902,18344523.39429297,2.85,140.7360309159037,2.0,2.0,6.25,3.5,0.0025189007862268,
CN,2015,China,14454.99796906629,19820982.31514308,2.85,153.2318705321309,2.0,2.0,6.0,3.5,0.0138810885549641,
CN,2016,China,15513.27304334518,21387606.58030348,2.85,157.5671322594279,2.0,2.0,6.0,3.5,0.0091024168244886,
CN,2017,China,16782.20775829411,23266768.92506017,2.85,157.0241560252599,2.0,2.0,7.208333333333333,3.5,0.0079586382485832,
CN,2018,China,18236.61298164975,25398677.99793306,2.85,161.1375485709492,2.0,2.0,7.75,3.5,0.0147557379716149,
CN,2019,China,,,,,2.0,2.0,7.833333333333333,3.5,0.0142664270772868,
HK,1997,Hong Kong,25520.76855972978,165611.9234146544,2.918241666666661,169.2800071080918,3.2916666666666665,4.5,8.083333333333334,5.083333333333333,0.0008498749753784,6.10961200248305
HK,1998,Hong Kong,24087.86071681308,157623.7341726098,3.274166666666661,166.8047067673542,3.0,2.8333333333333335,7.083333333333333,5.0,0.0006115389293722,2.17051081226856
HK,1999,Hong Kong,24810.04848034357,163907.5852853898,4.00083333333333,152.7926522575598,3.0,2.25,7.25,5.0,0.0002240132734594,0.861911465332017
HK,2000,Hong Kong,27068.81009271165,180413.6192679231,4.470000000000001,150.3513642232791,3.0,3.25,8.0,5.0,0.0002997288201355,1.16604355843378
HK,2001,Hong Kong,27613.41242909951,185404.7350727029,4.46625,148.9766312780912,3.0,3.1666666666666665,10.625,4.75,0.0001763290986241,1.23400340537869
HK,2002,Hong Kong,28388.88500532901,191457.47936443935,4.75916666666667,145.707823001046,3.0,4.0,11.5,4.75,9.62632644297206e-05,0.249866916020277
HK,2003,Hong Kong,29858.750654976,200973.27890851253,4.933333333333334,146.2314643712863,3.0,4.0,11.625,4.5,0.0023489907831611,0.502160298237333
HK,2004,Hong Kong,33071.3640939402,224339.5983312433,4.99583333333333,144.7619641307294,3.0,4.0,12.0,4.5,0.0010827740036429,0.340531662640068
HK,2005,Hong Kong,36461.38318683427,248418.6959285392,4.947500000000001,143.1276998141099,3.0,4.0,12.0,4.625,0.000732896998302,1.20387965711426
HK,2006,Hong Kong,39949.13934737341,273935.2434188742,5.216666666666669,136.8003204175206,3.0,4.0,12.0,5.0,0.0008671379091831,0.35772771974927
HK,2007,Hong Kong,43300.43426942077,299478.7935375948,5.13916666666667,136.6797428572121,3.0,4.0,12.0,5.0,0.0025723750537799,0.976920626629935
HK,2008,Hong Kong,44813.10792999066,311800.642355289,4.864166666666667,140.2857526880146,3.0,4.0,12.0,5.0,0.0017950316693446,0.680394247707135
HK,2009,Hong Kong,43949.60279235709,306451.79035054747,4.989166666666667,155.4261611154471,3.0,4.0,12.0,5.0,0.0002783053202694,0.0463167312233547
HK,2010,Hong Kong,47123.34339478668,331003.7886736606,4.99,185.5819126717303,3.0,4.375,12.0,5.0,0.0019889539505969,0.0241991037826327
HK,2011,Hong Kong,50085.95932884829,354187.8699898836,4.99,202.2927455115978,3.0,4.5,12.0,5.0,0.0018789272313771,0.0405321973711263
HK,2012,Hong Kong,51344.50704508138,367118.3598230363,4.99,198.5315050766816,3.0,4.5,11.875,5.0,0.0006476694184456,0.0242936242701697
HK,2013,Hong Kong,53649.88933401246,385147.190539942,4.99,218.1603920862552,3.0,4.041666666666667,12.0,5.0,0.0004199678881343,
HK,2014,Hong Kong,55781.7736732117,403274.33277048386,4.99,233.2110011703514,3.0,4.0,12.0,5.0,0.000754883848974,
HK,2015,Hong Kong,57235.19122679082,417318.9497918999,4.99,207.8993281851994,3.0,4.0,12.0,5.0,0.0002643765323632,
HK,2016,Hong Kong,58755.32005529184,431064.2811176541,4.99,214.2985440153986,3.0,4.0,12.0,5.0,0.0010705033519802,
HK,2017,Hong Kong,61713.41554196223,456167.0536615222,4.99,223.1013374462415,3.0,4.333333333333333,12.0,5.0,0.0012959153891935,
HK,2018,Hong Kong,64596.56385236979,481308.99726400734,4.997500000000003,219.331527185607,3.0,4.5,11.958333333333334,5.0,0.0018349423889804,
HK,2019,Hong Kong,,,,,3.0,4.5,12.0,4.583333333333333,0.0022665799823429,
ID,1997,Indonesia,5000.951711520024,1014325.262265224,1.803333333333299,60.84890164949327,2.0,2.4166666666666665,7.75,4.0,0.0808491031314002,15.1297083140138
ID,1998,Indonesia,4331.496756975581,891095.4030781245,-6.912500000000001,53.23789031376814,2.0,1.25,4.0,2.5,0.211945252230475,8.6307048894942
ID,1999,Indonesia,4367.431884878866,911112.5407599933,1.925000000000001,20.59284283547003,2.8333333333333335,1.0833333333333333,4.833333333333333,2.0,0.0995989451308574,9.72872914200001
ID,2000,Indonesia,4620.547597670705,977309.6867367966,5.951666666666698,19.90854065122579,3.0,1.9166666666666667,5.0,2.0,0.0436254783605233,0.740665380978752
ID,2001,Indonesia,4827.438785072857,1035135.229408791,3.0658333333333,20.29052707793494,2.3333333333333335,1.0,5.125,2.0,0.0856998262232564,1.55193558810257
ID,2002,Indonesia,5055.355834121034,1098820.986934222,3.442500000000001,21.27669549806255,2.0,1.0,4.5,2.0,0.0318166113681325,1.14552126754247
ID,2003,Indonesia,5323.104506735496,1172730.327310404,6.344999999999999,22.9497427786992,2.0,1.0,5.5,2.0,0.0198573116440863,1.48318902670287
ID,2004,Indonesia,5664.893913283934,1264889.666895889,7.68083333333337,26.39252554263977,2.0,1.0,6.208333333333333,2.6666666666666665,0.0246825393311434,0.577685922284447
ID,2005,Indonesia,6091.922453349061,1378537.9032494589,5.97166666666663,26.42785321992872,2.0,1.0,6.75,3.0,0.0193027131051627,2.07633213431587
ID,2006,Indonesia,6534.075509660744,1498382.839652166,4.568333333333399,24.60603403555454,2.0,2.3333333333333335,9.125,3.0,0.0233085850740394,2.79457369605021
ID,2007,Indonesia,7041.486993780872,1636260.22385715,5.88583333333337,25.45599020548062,2.0,3.0416666666666665,9.0,3.0,0.0203891658178065,2.82583048596555
ID,2008,Indonesia,7510.100118360871,1768401.4874666058,5.105833333333301,26.55347982712495,2.0,3.5833333333333335,9.0,3.0,0.0675408531047644,1.47366734472074
ID,2009,Indonesia,7813.09010597305,1864363.9598570191,5.219999999999969,27.65871048784413,2.0,3.8333333333333335,9.0,3.0,0.0332940455002943,0.90328269735625
ID,2010,Indonesia,8284.501294498436,2003475.8672215128,6.235000000000031,27.25304113493953,2.0,3.0,8.875,3.0,0.0125927276794232,0.212860632485943
ID,2011,Indonesia,8859.139998161018,2171518.784772075,5.472499999999971,30.08219935776622,2.0,3.0,7.541666666666667,3.0,0.0190957852293431,0.585650730037622
ID,2012,Indonesia,9444.948401431997,2346620.220996272,5.84833333333333,33.43417143484216,2.0,3.0,7.333333333333333,3.0,0.0124898910233483,0.203486108159137
ID,2013,Indonesia,10009.66548329839,2520497.850572959,5.393333333333331,36.05813960704564,2.0,3.0,7.5,3.0,0.0311143682676995,0.722059221372889
ID,2014,Indonesia,10570.19504467932,2696763.33383477,3.852500000000001,36.42354515520958,2.0,3.0,8.5,3.0,0.0271701063238352,0.046541714734615
ID,2015,Indonesia,11063.0622072345,2858510.034435796,4.32583333333333,39.11879829551191,2.0,3.0,7.416666666666667,2.5416666666666665,0.0310022829550231,0.358021897750158
ID,2016,Indonesia,11604.5252492562,3035212.619666663,4.7224397655771,39.40242469394134,2.0,3.0,7.708333333333333,2.5,0.0234894467680797,0.412490055757962
ID,2017,Indonesia,12279.18327573198,3249635.337362471,4.55499999999997,38.73979858750381,2.0,3.0,9.0,2.5,0.0039706203389434,0.209562116965491
ID,2018,Indonesia,13079.61929659404,3500935.829418646,4.407500000000031,38.80910728695612,3.0,6.0,8.291666666666666,2.0,0.0241021564564261,0.789182407710011
ID,2019,Indonesia,,,,,2.0416666666666665,3.0,8.875,2.5,0.0113548730719311,0.0
JP,1997,Japan,25146.2004313157,3169854.587770363,2.147499999999997,210.2193141343368,3.7083333333333335,4.416666666666667,8.166666666666666,6.0,0.0376178875931262,
JP,1998,Japan,25074.05769314403,3169360.892413405,2.055000000000003,218.0880807627688,4.0,2.1666666666666665,6.166666666666667,6.0,0.0605036675112417,
JP,1999,Japan,25325.70726387724,3207019.636532039,2.04408333333333,221.2885051105375,4.0,2.0833333333333335,6.083333333333333,6.0,0.0243000365082585,
JP,2000,Japan,26838.69136048461,3404300.12823795,1.996750000000003,212.2687989124863,4.0,3.0,7.166666666666667,5.083333333333333,0.0250988437754488,
JP,2001,Japan,27472.54711914905,3493106.893652683,1.912333333333337,183.1815183411248,4.0,3.0833333333333335,10.791666666666666,5.0,0.035983967650277,
JP,2002,Japan,28160.10761469393,3588864.914954668,1.829333333333337,180.8463482162895,4.0,3.5,11.541666666666666,5.0,0.0218810987027645,
JP,2003,Japan,28924.68216051642,3694202.556176836,1.77958333333333,180.4876477660973,4.0,3.5,11.666666666666666,5.0,0.0203050901640758,
JP,2004,Japan,30348.04196891776,3877296.189990902,1.68633333333333,173.5370141663919,4.0,3.5,11.5,5.0,0.0328126641553251,
JP,2005,Japan,31663.45309897716,4045734.392815608,1.405833333333337,170.7353556197971,4.0,3.5,11.5,5.0,0.016393594827251,
JP,2006,Japan,33090.19625584845,4230713.952095248,0.98208333333333,168.6052243045234,4.0,3.5,11.5,5.0,0.0171288566927889,
JP,2007,Japan,34501.50901438486,4416227.655350277,1.075083333333333,161.667665372299,4.0,3.0,11.5,5.0,0.0237747163508888,
JP,2008,Japan,34798.7658977271,4456434.357160625,1.32075,160.0271318878997,4.0,3.0,11.5,5.0,0.0331415966189749,
JP,2009,Japan,33198.61611307201,4250983.197430532,1.288416666666663,166.8933464895884,4.0,3.0,11.5,5.0,0.039729338288221,
JP,2010,Japan,34986.99454024022,4480784.390768565,1.098249999999997,159.9379159430955,4.0,4.25,11.5,5.0,0.0290740674186424,
JP,2011,Japan,35774.69671295588,4573186.804907289,1.039333333333337,159.0235211641638,4.0,4.5,11.5,5.0,0.0187718506687858,
JP,2012,Japan,37191.38594562583,4746699.39685428,0.9295,159.6107501820359,4.0,4.5,11.0,5.0,0.0235509404257106,
JP,2013,Japan,38974.07948861273,4967051.560426249,0.761583333333333,162.408272579195,4.0,4.5,11.458333333333334,5.0,0.0219578876406991,
JP,2014,Japan,39179.15561060897,4986566.209495868,0.80391666666667,162.9685955366664,4.0,4.5,11.5,5.0,0.0246587433110806,
JP,2015,Japan,40396.24320921415,5136018.7578626955,0.73658333333333,162.2318422915916,4.0,4.5,11.5,5.0,0.0192209250419575,
JP,2016,Japan,41118.07803817186,5221770.213717475,0.7443333333333331,163.673294695537,4.0,4.5,11.5,5.0,0.042817168360349,
JP,2017,Japan,41958.96215577266,5319800.458212474,0.673333333333333,168.9288395861549,4.0,4.5,11.041666666666666,5.0,0.0097901728522334,
JP,2018,Japan,42797.4585169914,5415123.908442257,,168.8205267772452,4.0,4.208333333333333,11.0,5.0,0.0157233084142243,
JP,2019,Japan,,,,,4.0,4.0,11.0,5.0,0.0133935648367257,
KH,1997,Cambodia,865.2669965512542,9776.305687234,,6.276632412232708,,,,,0.0265215948094797,
KH,1998,Cambodia,892.1317991657704,10349.18207327691,,5.585181131745871,,,,,0.0373895370791085,
KH,1999,Cambodia,995.4598383653372,11832.49155941637,,5.705934708642349,,,,,0.0082916260685443,
KH,2000,Cambodia,1101.815793752028,13392.83430703061,,6.338491853540792,,,,,0.0033132817238624,
KH,2001,Cambodia,1185.433252239694,14705.783150800313,,5.987943225435112,,,,,0.0033286442017614,
KH,2002,Cambodia,1259.813705319374,15921.1816786847,,6.310351060382523,,,,,0.0026894922940956,
KH,2003,Cambodia,1368.700892634294,17596.24177395198,,7.211242354492789,,,,,0.0052783289009108,
KH,2004,Cambodia,1525.928724038117,19938.500368853613,,9.02489132417753,,,,,0.0040218848280568,
KH,2005,Cambodia,1754.171136551311,23283.73447202789,,8.976211167860612,,,,,0.0120031900751008,
KH,2006,Cambodia,1971.563041905764,26572.15295396069,,11.9923014802145,,,,,0.0058575444979686,
KH,2007,Cambodia,2198.292174529966,30072.5534124673,,18.20650949882441,,,,,0.0042019422642692,
KH,2008,Cambodia,2355.903624417736,32708.97484141418,,23.45921389798356,,,,,0.0066412559814836,
KH,2009,Cambodia,2340.558566730887,32986.9055783127,,24.59369364643522,,,,,0.0061349631335267,
KH,2010,Cambodia,2470.70415543532,35361.241661871245,,27.55786679846992,,,,,0.0113345806755422,
KH,2011,Cambodia,2658.062552495926,38652.011936302966,,28.25321833900591,,,,,0.008375131553699,
KH,2012,Cambodia,2860.146734129389,42274.267237049666,,38.73996004892671,,,,,0.0056822174520477,
KH,2013,Cambodia,3073.318143018474,46180.69875861907,,52.01451547580081,,,,,0.0056421432872163,
KH,2014,Cambodia,3300.616750165787,50415.28045225757,,62.66266634644138,,,,,0.0038011461234127,
KH,2015,Cambodia,3513.823559556129,54539.58749494265,,74.31674106347941,,,,,0.0063417845339545,
KH,2016,Cambodia,3742.958792638031,59012.58501165745,,81.67383285242404,,,,,0.0059972285152285,
KH,2017,Cambodia,4019.679985096315,64352.72102892073,,86.65213383665356,,,,,0.0061864992801227,
KH,2018,Cambodia,4360.854404455657,70863.00317981471,,99.57414396340234,,,,,0.0051577964272975,
KH,2019,Cambodia,,,,,,,,,0.0040202344825965,
KR,1997,"Korea, South",15406.22038147257,707970.9807976302,1.071666666666701,57.91774858389912,3.2916666666666665,4.0,7.25,4.0,0.118084919714738,3.53323957451598
KR,1998,"Korea, South",14621.29967611657,676768.8313224688,1.991666666666701,63.28085436762885,3.0,4.0,6.0,4.0,0.0778387784223901,7.45410616747983
KR,1999,"Korea, South",16392.80862726991,764178.2649002547,1.448333333333331,68.53450188672441,3.0,3.5,6.5,4.0,0.0271912826462033,0.464160752727454
KR,2000,"Korea, South",18082.95480163447,850045.5465232161,0.60666666666667,73.60331154124329,3.0,3.0,7.583333333333333,4.0,0.0245948057744522,0.187323474688201
KR,2001,"Korea, South",19168.21512423568,908001.4940223248,1.91583333333333,106.0578056218793,3.0,2.9166666666666665,9.375,4.0,0.025883692937517,0.465782757472419
KR,2002,"Korea, South",20775.1051401435,989824.39977438,1.82083333333334,116.0223973339594,3.0,2.1666666666666665,8.75,4.0,0.020511932060469,0.148851270501555
KR,2003,"Korea, South",21376.76616625905,1023783.139567313,1.98583333333334,114.7402662152262,3.0,2.5833333333333335,9.5,4.583333333333333,0.0242027183476371,0.236514291441675
KR,2004,"Korea, South",22936.81163003019,1102859.681000348,2.03,109.7758381504078,3.0,2.2916666666666665,10.083333333333334,5.0,0.0235958989077957,0.183551526967794
KR,2005,"Korea, South",24196.42385037461,1165894.06100023,1.87166666666666,114.8187794202049,3.0,2.5,10.083333333333334,5.0,0.0135298717723136,0.145378130309127
KR,2006,"Korea, South",25820.97163293958,1250723.763680044,1.48416666666667,127.2213076776406,3.0,2.5,10.0,5.0,0.0125066804790022,0.26576641739572
KR,2007,"Korea, South",27822.27653161399,1354489.639000991,1.3775,134.8799559418583,3.0,2.5,10.0,5.0,0.0150105244219753,0.202800176643381
KR,2008,"Korea, South",28655.9835241828,1405710.904231598,1.2975,148.34046985574,3.0,3.0,10.0,5.0,0.076365266864687,0.59698173668634
KR,2009,"Korea, South",28325.20929548749,1396654.746282364,2.16666666666667,144.5265779219347,3.0,3.0,10.0,5.0,0.0557650287402486,0.193566617839957
KR,2010,"Korea, South",30365.27836847574,1504724.405182624,1.655,135.9277756087846,3.0,3.0,10.0,5.0,0.0339928528088123,0.182076541966932
KR,2011,"Korea, South",31228.51069522661,1559446.83386666,1.605,138.133292813509,3.0,3.0,10.0,5.0,0.0401374313556058,0.213867488906671
KR,2012,"Korea, South",32097.16400247597,1611272.914641185,1.695,136.6929993516312,3.0,3.0,10.0,5.0,0.0198457617530235,0.202881554718752
KR,2013,"Korea, South",32615.77258958347,1644777.306032438,1.7525,134.9077954988697,3.0,3.0,10.0,5.0,0.0187502823714529,0.123952508475011
KR,2014,"Korea, South",33587.5833961446,1704457.641238212,1.7275,138.3581705229324,3.0,3.0,10.0,5.0,0.0215194666531406,0.20661584897592
KR,2015,"Korea, South",35760.734442377,1824331.972258938,1.72416666666666,140.0733006509267,3.0,3.0,10.0,5.0,0.0250210937546469,0.197707014697196
KR,2016,"Korea, South",37142.83290278904,1903410.732086287,1.81,142.9552860726063,3.0,3.0,10.0,5.0,0.0378441418628603,0.127963831281036
KR,2017,"Korea, South",38824.11539026118,1998129.726322375,1.80666666666667,144.7984308238825,3.0,3.0,10.0,5.0,0.0192189117683016,0.0777197584618021
KR,2018,"Korea, South",40111.77575746147,2071181.809851117,1.63666666666667,150.3361270569216,3.0,3.0,10.0,5.0,0.0163206477363188,0.0811170538299154
KR,2019,"Korea, South",,,,,3.0,3.4166666666666665,10.0,5.0,0.0212126893689387,0.194018862429195
LA,1997,Lao PDR,,,,,,,,,0.110112490574683,
LA,1998,Lao PDR,,,,,,,,,0.121538757731096,
LA,1999,Lao PDR,,,,,,,,,0.164279000474001,
LA,2000,Lao PDR,,,,,,,,,0.0093801895331266,
LA,2001,Lao PDR,,,,,,,,,0.0181547077593656,
LA,2002,Lao PDR,,,,,,,,,0.0174838268680247,
LA,2003,Lao PDR,,,,,,,,,0.0061566923810482,
LA,2004,Lao PDR,,,,,,,,,0.0125298283547565,
LA,2005,Lao PDR,,,,,,,,,0.0084632446088042,
LA,2006,Lao PDR,,,,,,,,,0.0110378994155465,
LA,2007,Lao PDR,,,,,,,,,0.006199950233227,
LA,2008,Lao PDR,,,,,,,,,0.0111217400688398,
LA,2009,Lao PDR,,,,,,,,,0.0023005496055545,
LA,2010,Lao PDR,,,,,,,,,0.0066127575779527,
LA,2011,Lao PDR,,,,,,,,,0.0012937488220003,
LA,2012,Lao PDR,,,,,,,,,0.0019719258918757,
LA,2013,Lao PDR,,,,,,,,,0.0123134207472235,
LA,2014,Lao PDR,,,,,,,,,0.0019054723719108,
LA,2015,Lao PDR,,,,,,,,,0.0038427596549194,
LA,2016,Lao PDR,,,,,,,,,0.0059009993157517,
LA,2017,Lao PDR,,,,,,,,,0.003723426022015,
LA,2018,Lao PDR,,,,,,,,,0.0050633413705644,
LA,2019,Lao PDR,,,,,,,,,0.0024685103132024,
MM,1997,Myanmar,759.5566271316134,34200.73322654928,4.0,10.31889873149747,1.0,1.0,5.5,3.0,0.0124836264988746,
MM,1998,Myanmar,802.7528875213626,36614.53855837212,4.0,9.699200385643715,1.0,1.0,4.416666666666667,3.0,0.0157844714181587,
MM,1999,Myanmar,892.3254411104361,41208.54990498002,5.125,8.097720880967165,1.0,1.0,4.0,3.0,0.0106334823793654,
MM,2000,Myanmar,1025.710407764536,47920.88356334718,5.5,9.51740928593184,1.0,1.0,4.0,3.0,0.012639199529624,
MM,2001,Myanmar,1154.626473089247,54527.37374681647,5.5,11.00217158246301,1.0,1.0,4.833333333333333,3.0,0.0112271242012738,
MM,2002,Myanmar,1300.795796900597,62050.783539833545,5.5,10.34484714087702,1.0,1.0,3.9583333333333335,3.0,0.0103272618500436,
MM,2003,Myanmar,1494.384325015641,71952.96441551423,5.5,4.095681213224004,1.0,1.0,3.5833333333333335,3.0,0.0172228571918945,
MM,2004,Myanmar,1727.868284131795,83913.03163882603,5.5,4.740162894773321,1.0,1.0,2.9166666666666665,3.0,0.0122228436106692,
MM,2005,Myanmar,2007.5140976073,98267.66250680592,5.5,4.657059701001534,1.0,1.0,2.5,3.0,0.0098401876012863,
MM,2006,Myanmar,2322.057579209802,114479.8768155014,4.7083333333333,3.877139918310581,1.0,1.0,2.5,3.0,0.0112929179534224,
MM,2007,Myanmar,2653.118882482085,131651.6722991127,5.0,3.423736464899744,1.0,1.375,2.5,3.0,0.0074787356816117,
MM,2008,Myanmar,2963.697787519344,147976.3695270329,5.0,3.12110290159629,1.0,1.5,2.5,3.0,0.0209894144078554,
MM,2009,Myanmar,3280.274594420832,164835.00223042292,5.0,3.4721769114853,1.0,1.5,2.5,3.0,0.0158441893980353,
MM,2010,Myanmar,3613.019142977039,182821.72408429708,5.0,4.766953785122932,1.0,1.5,2.5,3.0,0.0188043259466663,
MM,2011,Myanmar,3864.959767555726,197076.67549792348,5.0,6.746762064036014,1.0,1.5,2.5833333333333335,3.0,0.0169485205728544,
MM,2012,Myanmar,4193.132338789755,215584.4397405701,5.0,9.310266145082858,1.0,1.5,4.0,3.0,1.50583838576899,
MM,2013,Myanmar,4587.086831315739,237851.6951535446,5.0,12.83852972850649,1.0,1.5,6.0,3.0,0.017599873500124,
MM,2014,Myanmar,5005.999653462853,261717.7017247583,5.0,15.56162637777843,1.0,1.5,5.708333333333333,3.0,0.011506382132027,
MM,2015,Myanmar,5372.241160930818,283013.5646049183,5.0,18.11470001606788,1.0,1.5,6.583333333333333,3.0,0.0314738097828789,
MM,2016,Myanmar,5709.871360544331,302881.41675100155,5.0,21.98712702159281,1.0,1.625,7.583333333333333,3.0,0.0273953429217121,
MM,2017,Myanmar,6172.392649462371,329498.25057372963,5.0,24.25596163257949,1.0,2.0,8.0,3.0,0.0034424305869663,
MM,2018,Myanmar,6674.028647319575,358451.36683155544,5.0,25.26006661689191,1.0,2.0,8.0,3.0,0.0201953741556725,
MM,2019,Myanmar,,,,,1.0,2.0,8.0,3.0,0.005964802574021,
MY,1997,Malaysia,12431.50421580834,268057.9520841026,2.85166666666663,158.3850475806881,3.0,4.0,8.083333333333334,5.0,0.0445049404939863,4.73941297699708
MY,1998,Malaysia,11355.61354189246,251125.46443666628,3.620833333333369,158.5053787701726,3.0,3.75,6.5,4.916666666666667,0.0788495303919101,5.66361982669293
MY,1999,Malaysia,11931.65828885773,270386.8641179752,4.439166666666661,149.1529810748627,3.0,3.0,6.833333333333333,3.3333333333333335,0.0,0.945681344367812
MY,2000,Malaysia,12973.90026943902,300919.977141738,4.31083333333333,134.9998539257746,3.0,3.0,7.166666666666667,3.0,0.0,0.525859694251855
MY,2001,Malaysia,13037.70037003223,309112.38955943816,3.7525,129.1013755782392,3.0,2.6666666666666665,8.416666666666666,3.0,0.0,0.0807660871045377
MY,2002,Malaysia,13670.03763663823,330929.6160924543,3.32333333333333,121.8273449344046,3.0,2.5,8.125,3.0,0.0,0.0511195172427523
MY,2003,Malaysia,14437.40670764942,356586.8951016188,3.23416666666666,118.9741488801033,3.0,2.5,8.583333333333334,3.0,0.0,0.0468401169933549
MY,2004,Malaysia,15522.70405206059,391027.0358744483,3.04583333333333,111.9376051482107,3.0,2.5,9.0,3.6666666666666665,0.0,0.0113966270049076
MY,2005,Malaysia,16531.598918338,424706.8770190425,2.95083333333333,106.5244319073785,3.0,2.4166666666666665,9.0,4.0,0.0044611021119898,0.0831646093987205
MY,2006,Malaysia,17632.13059885976,461996.3982982299,3.33666666666666,103.6638303743163,3.0,2.375,9.0,4.0,0.0104484693590485,0.18484708487367
MY,2007,Malaysia,18872.82195490377,504288.7855791521,3.24333333333334,101.5800751601482,3.0,2.8333333333333335,9.333333333333334,4.0,0.0135473641091307,0.0059706699988066
MY,2008,Malaysia,19787.6991497507,538937.8927688049,2.95416666666667,96.74825350652056,3.0,2.5,9.5,4.0,0.0215516088973497,0.0764547248090051
MY,2009,Malaysia,19283.45231181736,534827.321206347,3.0025,111.6068899879373,3.0,2.5,9.5,4.0,0.0140147039171589,0.322840620945214
MY,2010,Malaysia,20605.20111243924,581232.2341617249,2.4975,107.1227525738854,3.0,2.5,9.291666666666666,4.0,0.018918864448649,0.293322750118135
MY,2011,Malaysia,21806.82278527146,624786.2983137873,2.00416666666667,108.4259367053787,3.0,2.5,9.5,4.0,0.0283691223999999,0.126326810471117
MY,2012,Malaysia,23105.07529244507,671622.0023077647,1.805,114.1245298171319,3.0,2.5,9.5,4.0,0.0189399881040596,0.022557876869462
MY,2013,Malaysia,24279.37169405869,715485.6966926388,1.6425,119.8996939104116,3.0,2.5,9.5,4.0,0.0196065210398547,0.0199602390016583
MY,2014,Malaysia,25875.50267446425,772812.2272815444,1.53879344729345,120.5786510228471,3.0,2.5,9.5,4.0,0.0198845967654753,0.124884966515101
MY,2015,Malaysia,27116.57625667256,820844.8494358374,1.45082640075973,123.1036491906408,3.0,2.5,8.208333333333334,4.0,0.0394085575668971,559.623991839098
MY,2016,Malaysia,28246.75054749212,866746.0041866885,1.51628535731244,121.979790734087,3.0,2.5,8.0,4.0,0.0360882476718719,518.729374810438
MY,2017,Malaysia,30025.17655382077,933933.9574115383,1.683559419753081,117.2241027374079,3.0,2.5,8.0,4.0,0.0114390404138185,523.704877357714
MY,2018,Malaysia,31782.15335731357,1002046.323609096,1.78499666239316,120.3937069593811,3.0,2.5,8.083333333333334,4.0,0.0106315704188264,520.956751652849
MY,2019,Malaysia,,,,,3.0,2.5,8.5,4.0,0.012488984333906,623.648801613128
PH,1997,Philippines,3198.505358689525,233589.6738238331,6.081916666666698,56.45748231271297,2.4166666666666665,3.0,8.0,4.0,0.0542431917415375,10.9623638516907
PH,1998,Philippines,3145.173730011332,234856.4567998384,4.671083333333399,43.32174378191816,3.0,3.4166666666666665,8.0,4.0,0.0545577235481644,1.37381332205803
PH,1999,Philippines,3217.647206438399,245589.9057903712,3.609249999999999,38.51754077215298,3.0,4.0,8.0,4.0,0.0199641555597719,1.67583856922365
PH,2000,Philippines,3361.325849358742,262155.7021183539,2.602166666666669,36.76903274562383,3.0,2.4166666666666665,8.0,3.0833333333333335,0.0356298611016137,2.22784053928898
PH,2001,Philippines,3459.885945982168,275659.0535687222,3.657416666666629,37.52963606691156,3.0,1.9166666666666667,9.916666666666666,2.0,0.0253630050843033,1.24743901893156
PH,2002,Philippines,3566.983839965521,290228.5604206253,4.530500000000001,34.88447430283873,3.0,1.5,10.0,2.0,0.010721464263388,0.078918273675202
PH,2003,Philippines,3736.355691872109,310311.7045670474,4.250999999999999,33.14049057855616,3.0,1.9166666666666667,9.75,2.0,0.013304594397984,0.14802759755459
PH,2004,Philippines,4013.774343192681,340009.000077546,3.9015,32.24141347929128,3.0,2.0,9.166666666666666,2.0,0.0040267655348326,0.187146192172423
PH,2005,Philippines,4255.375297768692,367350.5917990045,4.6289166666667,29.0734731189038,3.0,2.0,9.25,2.25,0.0134114977790568,0.299816805682565
PH,2006,Philippines,4531.986251864492,398310.2667945865,4.4845,28.6939873699044,3.0,2.0,8.958333333333334,2.5,0.0160019914478587,0.341910185796673
PH,2007,Philippines,4877.472738523467,436072.8011295506,4.995416666666671,28.86413816834803,3.0,2.0,9.0,2.5,0.0175365324793963,0.60349147517265
PH,2008,Philippines,5093.578334236753,463016.2794635476,4.261583333333331,29.06497800008596,3.0,2.0,9.0,2.5,0.0276031687446364,0.316375340474896
PH,2009,Philippines,5106.39920580137,471903.5830160023,5.82516666666667,29.1627992226151,3.0,2.0,9.0,2.5,0.0176452177573761,0.465412003856082
PH,2010,Philippines,5468.305506857454,513839.0605356629,4.452999999999999,29.57853404297868,3.0,2.0,9.0,2.5,0.0192100325198276,0.061776431590049
PH,2011,Philippines,5689.76094098301,543770.7205485106,3.27533333333333,31.86832021668265,3.0,2.0,9.083333333333334,2.5,0.0155065139945664,0.199954540288082
PH,2012,Philippines,6081.936666639756,591241.1075129773,2.52358333333333,33.41438046980057,3.0,2.0,9.041666666666666,2.5,0.0140877515311122,0.286497924261347
PH,2013,Philippines,6514.66717101521,644115.2539617232,4.105,35.85986548103897,3.0,2.25,8.333333333333334,2.5,0.0166551759646,0.535108655066681
PH,2014,Philippines,6930.764463153297,696632.8849304232,4.29708333333334,39.17741020836833,3.0,2.5,8.0,2.5,0.0122380518165518,0.229683708740098
PH,2015,Philippines,7313.40980493888,746795.7658546026,3.98625,41.76722091975078,3.0,2.5,8.25,2.5,0.0095700703910374,0.0074888806462203
PH,2016,Philippines,7784.136699041406,806934.1785274494,4.045833333333331,44.7156280141678,3.0,2.5,9.666666666666666,2.5,0.0183304682481725,0.015800604131143
PH,2017,Philippines,8340.331330696778,877179.8688908435,3.74875,65.21111586119558,3.0,2.5,9.625,2.5,0.0124147843166244,0.148720069563288
PH,2018,Philippines,8951.085653661525,954650.488949628,3.00178996401533,66.33891219923656,3.0,2.5,8.791666666666666,2.5,0.0114836617123079,0.707666267003413
PH,2019,Philippines,,,,,3.0,2.5,9.25,2.5,0.013388788052893,0.486071979954584
SG,1997,Singapore,37384.43700753728,141912.7434892178,2.85083333333333,96.47030492841596,3.7083333333333335,4.0,9.0,6.0,0.0200753661139094,2.38757256861643
SG,1998,Singapore,35740.22735404305,140359.48548775338,2.837499999999991,107.9310736581799,4.0,4.0,9.0,6.0,0.0399235203837143,1.19741213862182
SG,1999,Singapore,38026.44922444018,150536.1791531235,4.11666666666667,102.707304148647,4.0,4.0,9.0,6.0,0.0141559399925222,0.484645455962606
SG,2000,Singapore,41662.74367186934,167812.8236202548,4.121666666666661,96.05246316541934,4.0,4.0,10.833333333333334,6.0,0.0090650606086783,0.642817959590583
SG,2001,Singapore,41000.41842877278,169660.2234632829,4.12833333333333,115.0239673407688,4.0,4.083333333333333,11.75,6.0,0.0193928211902643,0.768880870787261
SG,2002,Singapore,42886.18105210269,179090.5477645282,4.476666666666663,102.0242235728714,4.0,4.5,12.0,6.0,0.0100500562268196,0.2345063503329
SG,2003,Singapore,46342.29649611407,190690.4865219191,4.804166666666671,104.7828006341484,4.0,4.5,12.0,5.166666666666667,0.0128856051171199,0.141568777768723
SG,2004,Singapore,51612.82421401298,215053.2965908562,4.896666666666667,95.72896576198484,4.0,4.5,12.0,5.0,0.0104738153197812,0.314892894453178
SG,2005,Singapore,55809.7003194936,238070.8988542837,4.859166666666667,89.2233561956159,4.0,4.5,12.0,5.0,0.0104954162652545,0.397997284234905
SG,2006,Singapore,60745.45587387425,267362.9233923145,4.7425,84.28705599791327,4.0,4.5,12.0,5.0,0.0092337784739178,0.158450372299745
SG,2007,Singapore,65230.10844044228,299314.810359705,4.800833333333333,85.35175960477834,4.0,4.5,12.0,5.0,0.0112022958108062,0.504538796912944
SG,2008,Singapore,64230.63595830617,310837.48273408314,4.960833333333333,97.86436233124142,4.0,4.5,12.0,5.0,0.0234963463495828,0.335538429084597
SG,2009,Singapore,62873.49474981068,313586.1448297975,5.0875,96.86137654947244,4.0,4.5,12.0,5.0,0.0148226726254834,0.0542170168625402
SG,2010,Singapore,71565.99972871924,363321.40093478025,5.174166666666667,94.8584026979012,4.0,4.5,12.0,5.0,0.017946574072395,0.0180935405448442
SG,2011,Singapore,76034.3340635206,394138.26507306297,5.211666666666667,104.7036738415774,4.0,4.5,12.0,5.0,0.0317052176435855,0.0088323065251505
SG,2012,Singapore,78978.8228536234,419570.0207440345,5.244166666666667,112.9735431657358,4.0,4.5,12.0,5.0,0.0175268019548628,0.0061318838867023
SG,2013,Singapore,82881.40699898367,447490.1431754467,5.24,124.0659515686194,4.0,4.5,12.0,5.0,0.0110877950831836,0.012611131489688
SG,2014,Singapore,86611.51358638867,473741.0745397962,5.205833333333333,128.129763309946,4.0,4.5,12.0,5.0,0.0097282858705127,
SG,2015,Singapore,89007.46080247458,492656.4735566184,5.183333333333333,122.4213538457615,4.0,4.5,12.0,5.0,0.01887187283995,
SG,2016,Singapore,91452.04272997164,512797.4845150435,5.159999999999999,124.0998189396912,4.0,4.5,11.583333333333334,5.0,0.0208835505507461,
SG,2017,Singapore,96552.60260720618,541877.6336401007,5.138333333333334,122.7186497911966,4.0,4.833333333333333,11.0,5.0,0.0052338548850114,
SG,2018,Singapore,101531.6302280674,572503.9666078782,5.173333333333333,121.9004854690135,4.0,5.0,11.0,5.0,0.010445628485753,
SG,2019,Singapore,,,,,4.0,5.0,11.75,5.0,0.0116113911701434,
TH,1997,Thailand,7150.099886097642,435059.1390276308,3.125,166.5040754313049,2.5833333333333335,2.9166666666666665,7.416666666666667,5.0,0.0754211940373112,4.73941297699708
TH,1998,Thailand,6598.523724942949,406370.7632485552,3.7708333333334,153.4056618240886,2.0,2.0,5.0,5.0,0.0845665484761136,5.66361982669293
TH,1999,Thailand,6919.688537644747,431086.70766034746,4.208333333333339,127.71743453461,2.0,2.5,5.583333333333333,5.0,0.0332421323366418,0.944723865769326
TH,2000,Thailand,7312.810697548492,460360.75385654054,4.541666666666661,105.1217389640624,2.0,2.25,8.666666666666666,5.0,0.0234907658517593,0.813765149844077
TH,2001,Thailand,7659.243252170387,486662.1582113316,4.729166666666661,93.07844714315944,2.0,1.6666666666666667,9.125,5.0,0.0195298209939851,0.58597895862426
TH,2002,Thailand,8190.496026253441,524757.602479186,,96.86939148755766,2.0,1.5,8.5,5.0,0.0132420915063229,0.229039838360138
TH,2003,Thailand,8875.774031059973,572930.024351201,,94.13466327752415,2.0,1.5,8.625,2.9583333333333335,0.0126721958206132,0.323133327939351
TH,2004,Thailand,9621.585541549615,625357.8291270941,3.45472337366756,95.1445902726776,2.0,1.5,9.25,2.5,0.0150104326813267,0.378032049140436
TH,2005,Thailand,10270.27253620818,671842.0893101036,3.06623911034917,93.82990567824228,2.0,1.5,8.5,2.5,0.012542080481851,0.590798356114125
TH,2006,Thailand,11039.84208944856,726560.0049461484,1.935076857931,88.90656207243029,2.0,1.5,8.5,2.5,0.0143255686107456,0.324876303658236
TH,2007,Thailand,11885.80936726873,786627.4318938066,3.20577844727958,106.3624807563638,2.0,1.5,7.083333333333333,2.5,0.0095525613438823,0.627603756321366
TH,2008,Thailand,12261.4598991903,815766.9923696717,3.28589023607177,105.759731251824,2.0,1.7083333333333333,7.458333333333333,2.5,0.0203229980168647,0.286094790054938
TH,2009,Thailand,12207.96844581898,816308.260583658,3.75405770656622,108.9834768598198,2.0,2.0,7.5,2.5,0.0146456431970664,0.361833822754682
TH,2010,Thailand,13213.31473708527,887869.0537312576,3.13436741628047,115.7475043443157,2.0,2.0,7.5,2.5,0.0136262807780496,0.265635206958731
TH,2011,Thailand,13537.48834152202,914029.30916343,2.60950740913368,130.6730766439749,2.0,2.0,8.0,2.5,0.0205556563885657,0.483185561389397
TH,2012,Thailand,14727.14304707892,999029.8424744948,2.58716412407522,136.2310427291914,2.0,2.0,8.5,2.5,0.0143292805248904,0.123968855023043
TH,2013,Thailand,15318.63674334943,1043880.856875812,2.627377533315,142.3631585921315,2.0,2.0,8.5,2.5,0.0196710755230844,0.154779167955686
TH,2014,Thailand,15694.33668213352,1074100.470717632,3.19605600201946,145.5642587680658,2.0,2.0,7.875,2.5,0.0100778843912899,0.100204708504927
TH,2015,Thailand,16293.60979936868,1119607.429788427,3.298459393239,149.3734273739481,2.0,2.0,7.5,2.5,0.0167632597040299,0.205322994757409
TH,2016,Thailand,16961.26557052737,1169841.061843747,3.1680031413675,146.5832962784559,2.0,2.0,7.708333333333333,2.5,0.0123923916197251,0.000554785559624
TH,2017,Thailand,17917.2068895324,1240047.3445811588,3.12742095610567,144.9838803677676,2.0,2.0,7.958333333333333,2.5,0.0088754799380468,0.0001426872886737
TH,2018,Thailand,19051.33338171117,1322705.956924135,2.85916666666667,144.5918646331183,2.0,2.0,7.875,2.5,0.0172238673790814,0.0417275099059059
TH,2019,Thailand,,,,,2.0,2.0,8.833333333333334,2.5,0.0116771809260679,0.184550170105588
VN,1997,Vietnam,1709.896772673374,131889.8336845247,5.904166666666701,19.84884112453487,2.0,2.4166666666666665,6.583333333333333,5.0,0.0134616877104982,
VN,1998,Vietnam,1805.815779218433,141062.58172285112,5.17,20.1238631421789,2.0,2.0,5.166666666666667,5.0,0.0249743287137992,
VN,1999,Vietnam,1896.989469931743,149930.2150338836,5.3275,28.186587055123,2.0,2.0,5.0,5.0,0.0006177222713512,
VN,2000,Vietnam,2048.363758988401,163685.5919066318,6.89666666666667,35.25907400950082,2.0,2.0,5.833333333333333,5.0,0.003956367155516,
VN,2001,Vietnam,2200.020239642485,177635.1319993131,4.11583333333333,39.29039362553112,2.0,1.6666666666666667,7.375,4.166666666666667,0.003834749946287,
VN,2002,Vietnam,2353.000468140171,191850.4978405312,2.614166666666669,43.13077448568581,2.0,1.5,7.5,4.0,0.0017050275193296,
VN,2003,Vietnam,2538.16320441873,208895.034921928,2.858333333333331,48.37235081336001,2.0,1.5,7.333333333333333,4.0,0.0016405448635098,
VN,2004,Vietnam,2777.246873949291,230685.9599636595,3.55125,58.72243078845866,2.0,1.5,7.75,4.0,0.0017320789634458,
VN,2005,Vietnam,3051.608497484362,255824.4606743259,3.880000000000001,60.46678778250789,2.0,1.5,8.5,4.0,0.0009683093182202,
VN,2006,Vietnam,3332.143253022497,281957.76499836135,3.54625,65.3595423737595,2.0,2.4583333333333335,8.916666666666666,4.0,0.0013654920966771,
VN,2007,Vietnam,3631.182561608154,310174.1292589008,3.6875,85.63968738395003,2.0,2.9583333333333335,9.0,4.0,0.0043676244640462,
VN,2008,Vietnam,3874.039234178528,334110.3656514625,3.0531547619047,82.87277096520089,2.0,3.5,8.416666666666666,4.0,0.0118640991300843,
VN,2009,Vietnam,4074.184240003608,354829.8805248228,2.159000000000001,103.3223537696453,2.0,3.5,8.0,4.0,0.0163077610146654,
VN,2010,Vietnam,4342.75191695564,382021.6850103347,1.9415,114.7234700819528,2.0,2.75,8.0,4.0,0.011219694276114,
VN,2011,Vietnam,4662.223052076021,414339.0403681803,2.960333333333301,101.7990061441501,2.0,2.5,7.166666666666667,4.0,0.0264501849158061,
VN,2012,Vietnam,4949.131363060198,444444.3048925057,2.968,94.83221168052567,2.0,2.5,7.0,4.0,0.0,
VN,2013,Vietnam,5253.397518525016,476764.0646023296,3.2341666666667,96.80326851106308,2.0,2.5,7.0,4.0,0.0029961243898742,
VN,2014,Vietnam,5613.62730361601,514851.5546320844,2.907499999999999,100.3001701687416,2.0,2.5,7.166666666666667,4.0,0.0029950287592404,
VN,2015,Vietnam,5989.757690249602,555113.2286808467,2.37,111.9263295572332,2.0,2.5,8.0,4.0,0.0037875181357916,
VN,2016,Vietnam,6365.289485465456,596037.5853096019,1.925,123.8148746994325,2.0,2.5,8.0,4.0,0.0025665500460755,
VN,2017,Vietnam,6857.984043847762,648742.261437579,2.25833333333333,130.7217968323945,2.0,2.1666666666666665,8.0,4.0,0.0013783639029754,
VN,2018,Vietnam,7447.814334049477,711567.123361749,2.720388888888889,133.1359817355249,2.0,2.375,8.083333333333334,4.0,0.0012438696757545,
VN,2019,Vietnam,,,,,2.0,2.5,8.5,4.0,0.0011285895406321,
